Year,Month,SSTA,month,year
1854,1,0.28,0.041666667,1854.041667
1854,2,0.34,0.125,1854.125
1854,3,0.34,0.208333333,1854.208333
1854,4,0.16,0.291666667,1854.291667
1854,5,0.02,0.375,1854.375
1854,6,-0.18,0.458333333,1854.458333
1854,7,-0.07,0.541666667,1854.541667
1854,8,-0.2,0.625,1854.625
1854,9,-0.04,0.708333333,1854.708333
1854,10,0.09,0.791666667,1854.791667
1854,11,0.2,0.875,1854.875
1854,12,0.41,0.958333333,1854.958333
1855,1,0.29,0.041666667,1855.041667
1855,2,0.26,0.125,1855.125
1855,3,0.13,0.208333333,1855.208333
1855,4,0.01,0.291666667,1855.291667
1855,5,-0.1,0.375,1855.375
1855,6,-0.06,0.458333333,1855.458333
1855,7,-0.07,0.541666667,1855.541667
1855,8,-0.14,0.625,1855.625
1855,9,-0.18,0.708333333,1855.708333
1855,10,0.19,0.791666667,1855.791667
1855,11,0.31,0.875,1855.875
1855,12,0.14,0.958333333,1855.958333
1856,1,-0.1,0.041666667,1856.041667
1856,2,-0.21,0.125,1856.125
1856,3,-0.12,0.208333333,1856.208333
1856,4,-0.17,0.291666667,1856.291667
1856,5,-0.22,0.375,1856.375
1856,6,-0.18,0.458333333,1856.458333
1856,7,-0.34,0.541666667,1856.541667
1856,8,-0.16,0.625,1856.625
1856,9,0.04,0.708333333,1856.708333
1856,10,-0.04,0.791666667,1856.791667
1856,11,0.01,0.875,1856.875
1856,12,-0.11,0.958333333,1856.958333
1857,1,-0.1,0.041666667,1857.041667
1857,2,-0.03,0.125,1857.125
1857,3,-0.15,0.208333333,1857.208333
1857,4,-0.22,0.291666667,1857.291667
1857,5,-0.33,0.375,1857.375
1857,6,-0.22,0.458333333,1857.458333
1857,7,-0.29,0.541666667,1857.541667
1857,8,-0.17,0.625,1857.625
1857,9,-0.13,0.708333333,1857.708333
1857,10,-0.27,0.791666667,1857.791667
1857,11,-0.32,0.875,1857.875
1857,12,-0.07,0.958333333,1857.958333
1858,1,-0.13,0.041666667,1858.041667
1858,2,-0.27,0.125,1858.125
1858,3,-0.4,0.208333333,1858.208333
1858,4,-0.17,0.291666667,1858.291667
1858,5,-0.25,0.375,1858.375
1858,6,-0.28,0.458333333,1858.458333
1858,7,-0.39,0.541666667,1858.541667
1858,8,-0.42,0.625,1858.625
1858,9,-0.27,0.708333333,1858.708333
1858,10,-0.11,0.791666667,1858.791667
1858,11,0.04,0.875,1858.875
1858,12,-0.13,0.958333333,1858.958333
1859,1,-0.29,0.041666667,1859.041667
1859,2,-0.22,0.125,1859.125
1859,3,0.08,0.208333333,1859.208333
1859,4,0.13,0.291666667,1859.291667
1859,5,0.08,0.375,1859.375
1859,6,-0.12,0.458333333,1859.458333
1859,7,-0.2,0.541666667,1859.541667
1859,8,-0.08,0.625,1859.625
1859,9,0.17,0.708333333,1859.708333
1859,10,0.13,0.791666667,1859.791667
1859,11,-0.09,0.875,1859.875
1859,12,-0.02,0.958333333,1859.958333
1860,1,-0.04,0.041666667,1860.041667
1860,2,-0.08,0.125,1860.125
1860,3,0.02,0.208333333,1860.208333
1860,4,-0.02,0.291666667,1860.291667
1860,5,0.1,0.375,1860.375
1860,6,-0.17,0.458333333,1860.458333
1860,7,-0.23,0.541666667,1860.541667
1860,8,-0.35,0.625,1860.625
1860,9,-0.32,0.708333333,1860.708333
1860,10,0.08,0.791666667,1860.791667
1860,11,0.31,0.875,1860.875
1860,12,0.34,0.958333333,1860.958333
1861,1,-0.01,0.041666667,1861.041667
1861,2,-0.34,0.125,1861.125
1861,3,-0.24,0.208333333,1861.208333
1861,4,-0.04,0.291666667,1861.291667
1861,5,-0.14,0.375,1861.375
1861,6,-0.23,0.458333333,1861.458333
1861,7,0.03,0.541666667,1861.541667
1861,8,0.38,0.625,1861.625
1861,9,0.27,0.708333333,1861.708333
1861,10,0.11,0.791666667,1861.791667
1861,11,0.11,0.875,1861.875
1861,12,-0.02,0.958333333,1861.958333
1862,1,-0.25,0.041666667,1862.041667
1862,2,-0.13,0.125,1862.125
1862,3,-0.16,0.208333333,1862.208333
1862,4,-0.45,0.291666667,1862.291667
1862,5,-0.5,0.375,1862.375
1862,6,-0.51,0.458333333,1862.458333
1862,7,-0.76,0.541666667,1862.541667
1862,8,-0.61,0.625,1862.625
1862,9,-0.49,0.708333333,1862.708333
1862,10,-0.56,0.791666667,1862.791667
1862,11,-0.09,0.875,1862.875
1862,12,-0.17,0.958333333,1862.958333
1863,1,-0.37,0.041666667,1863.041667
1863,2,-0.34,0.125,1863.125
1863,3,-0.18,0.208333333,1863.208333
1863,4,-0.25,0.291666667,1863.291667
1863,5,-0.07,0.375,1863.375
1863,6,-0.19,0.458333333,1863.458333
1863,7,-0.37,0.541666667,1863.541667
1863,8,-0.22,0.625,1863.625
1863,9,-0.2,0.708333333,1863.708333
1863,10,-0.28,0.791666667,1863.791667
1863,11,-0.08,0.875,1863.875
1863,12,-0.25,0.958333333,1863.958333
1864,1,-0.39,0.041666667,1864.041667
1864,2,-0.41,0.125,1864.125
1864,3,-0.47,0.208333333,1864.208333
1864,4,-0.18,0.291666667,1864.291667
1864,5,-0.07,0.375,1864.375
1864,6,0,0.458333333,1864.458333
1864,7,0.09,0.541666667,1864.541667
1864,8,0.17,0.625,1864.625
1864,9,0,0.708333333,1864.708333
1864,10,-0.06,0.791666667,1864.791667
1864,11,0.3,0.875,1864.875
1864,12,0.54,0.958333333,1864.958333
1865,1,0.03,0.041666667,1865.041667
1865,2,-0.2,0.125,1865.125
1865,3,-0.19,0.208333333,1865.208333
1865,4,-0.23,0.291666667,1865.291667
1865,5,-0.26,0.375,1865.375
1865,6,0.07,0.458333333,1865.458333
1865,7,0.25,0.541666667,1865.541667
1865,8,0.14,0.625,1865.625
1865,9,0.11,0.708333333,1865.708333
1865,10,0.4,0.791666667,1865.791667
1865,11,0.09,0.875,1865.875
1865,12,0.16,0.958333333,1865.958333
1866,1,0.11,0.041666667,1866.041667
1866,2,0.07,0.125,1866.125
1866,3,-0.09,0.208333333,1866.208333
1866,4,-0.19,0.291666667,1866.291667
1866,5,-0.06,0.375,1866.375
1866,6,0.3,0.458333333,1866.458333
1866,7,0.13,0.541666667,1866.541667
1866,8,-0.17,0.625,1866.625
1866,9,-0.08,0.708333333,1866.708333
1866,10,0.04,0.791666667,1866.791667
1866,11,0.26,0.875,1866.875
1866,12,0.39,0.958333333,1866.958333
1867,1,0.25,0.041666667,1867.041667
1867,2,0.12,0.125,1867.125
1867,3,0.01,0.208333333,1867.208333
1867,4,-0.21,0.291666667,1867.291667
1867,5,-0.1,0.375,1867.375
1867,6,-0.18,0.458333333,1867.458333
1867,7,-0.13,0.541666667,1867.541667
1867,8,0.07,0.625,1867.625
1867,9,0.05,0.708333333,1867.708333
1867,10,-0.07,0.791666667,1867.791667
1867,11,0.02,0.875,1867.875
1867,12,-0.12,0.958333333,1867.958333
1868,1,-0.09,0.041666667,1868.041667
1868,2,0.07,0.125,1868.125
1868,3,0.23,0.208333333,1868.208333
1868,4,0.07,0.291666667,1868.291667
1868,5,0.29,0.375,1868.375
1868,6,0.32,0.458333333,1868.458333
1868,7,0.12,0.541666667,1868.541667
1868,8,-0.11,0.625,1868.625
1868,9,-0.33,0.708333333,1868.708333
1868,10,-0.22,0.791666667,1868.791667
1868,11,-0.03,0.875,1868.875
1868,12,-0.24,0.958333333,1868.958333
1869,1,-0.18,0.041666667,1869.041667
1869,2,-0.01,0.125,1869.125
1869,3,0.16,0.208333333,1869.208333
1869,4,-0.08,0.291666667,1869.291667
1869,5,0.01,0.375,1869.375
1869,6,0.02,0.458333333,1869.458333
1869,7,-0.02,0.541666667,1869.541667
1869,8,-0.25,0.625,1869.625
1869,9,-0.16,0.708333333,1869.708333
1869,10,-0.15,0.791666667,1869.791667
1869,11,-0.03,0.875,1869.875
1869,12,-0.01,0.958333333,1869.958333
1870,1,0.11,0.041666667,1870.041667
1870,2,0.16,0.125,1870.125
1870,3,0.03,0.208333333,1870.208333
1870,4,-0.05,0.291666667,1870.291667
1870,5,0.05,0.375,1870.375
1870,6,-0.24,0.458333333,1870.458333
1870,7,0.1,0.541666667,1870.541667
1870,8,-0.29,0.625,1870.625
1870,9,-0.22,0.708333333,1870.708333
1870,10,-0.05,0.791666667,1870.791667
1870,11,0.04,0.875,1870.875
1870,12,-0.01,0.958333333,1870.958333
1871,1,-0.34,0.041666667,1871.041667
1871,2,-0.3,0.125,1871.125
1871,3,-0.1,0.208333333,1871.208333
1871,4,0.06,0.291666667,1871.291667
1871,5,0.16,0.375,1871.375
1871,6,0.18,0.458333333,1871.458333
1871,7,0.13,0.541666667,1871.541667
1871,8,-0.17,0.625,1871.625
1871,9,-0.31,0.708333333,1871.708333
1871,10,-0.39,0.791666667,1871.791667
1871,11,0.03,0.875,1871.875
1871,12,-0.01,0.958333333,1871.958333
1872,1,-0.19,0.041666667,1872.041667
1872,2,-0.35,0.125,1872.125
1872,3,-0.43,0.208333333,1872.208333
1872,4,-0.35,0.291666667,1872.291667
1872,5,-0.14,0.375,1872.375
1872,6,-0.11,0.458333333,1872.458333
1872,7,-0.12,0.541666667,1872.541667
1872,8,0.15,0.625,1872.625
1872,9,-0.06,0.708333333,1872.708333
1872,10,-0.12,0.791666667,1872.791667
1872,11,-0.29,0.875,1872.875
1872,12,-0.24,0.958333333,1872.958333
1873,1,0,0.041666667,1873.041667
1873,2,-0.23,0.125,1873.125
1873,3,-0.34,0.208333333,1873.208333
1873,4,-0.37,0.291666667,1873.291667
1873,5,-0.24,0.375,1873.375
1873,6,-0.27,0.458333333,1873.458333
1873,7,-0.34,0.541666667,1873.541667
1873,8,-0.05,0.625,1873.625
1873,9,-0.04,0.708333333,1873.708333
1873,10,0.16,0.791666667,1873.791667
1873,11,-0.03,0.875,1873.875
1873,12,0.14,0.958333333,1873.958333
1874,1,0.12,0.041666667,1874.041667
1874,2,0.01,0.125,1874.125
1874,3,-0.03,0.208333333,1874.208333
1874,4,-0.07,0.291666667,1874.291667
1874,5,-0.14,0.375,1874.375
1874,6,-0.13,0.458333333,1874.458333
1874,7,0.05,0.541666667,1874.541667
1874,8,0.02,0.625,1874.625
1874,9,0.01,0.708333333,1874.708333
1874,10,-0.08,0.791666667,1874.791667
1874,11,-0.24,0.875,1874.875
1874,12,-0.39,0.958333333,1874.958333
1875,1,-0.21,0.041666667,1875.041667
1875,2,-0.03,0.125,1875.125
1875,3,-0.12,0.208333333,1875.208333
1875,4,-0.14,0.291666667,1875.291667
1875,5,-0.08,0.375,1875.375
1875,6,-0.07,0.458333333,1875.458333
1875,7,-0.12,0.541666667,1875.541667
1875,8,-0.16,0.625,1875.625
1875,9,0.04,0.708333333,1875.708333
1875,10,0.35,0.791666667,1875.791667
1875,11,0.08,0.875,1875.875
1875,12,0.04,0.958333333,1875.958333
1876,1,-0.08,0.041666667,1876.041667
1876,2,-0.18,0.125,1876.125
1876,3,-0.35,0.208333333,1876.208333
1876,4,-0.53,0.291666667,1876.291667
1876,5,-0.38,0.375,1876.375
1876,6,-0.19,0.458333333,1876.458333
1876,7,-0.1,0.541666667,1876.541667
1876,8,0.1,0.625,1876.625
1876,9,0.28,0.708333333,1876.708333
1876,10,0.55,0.791666667,1876.791667
1876,11,0.2,0.875,1876.875
1876,12,0.13,0.958333333,1876.958333
1877,1,0.03,0.041666667,1877.041667
1877,2,0.22,0.125,1877.125
1877,3,0.31,0.208333333,1877.208333
1877,4,0.26,0.291666667,1877.291667
1877,5,0.34,0.375,1877.375
1877,6,0.42,0.458333333,1877.458333
1877,7,0.39,0.541666667,1877.541667
1877,8,0.23,0.625,1877.625
1877,9,0.37,0.708333333,1877.708333
1877,10,0.73,0.791666667,1877.791667
1877,11,0.67,0.875,1877.875
1877,12,0.62,0.958333333,1877.958333
1878,1,0.45,0.041666667,1878.041667
1878,2,0.36,0.125,1878.125
1878,3,0.74,0.208333333,1878.208333
1878,4,0.69,0.291666667,1878.291667
1878,5,0.62,0.375,1878.375
1878,6,0.47,0.458333333,1878.458333
1878,7,0.38,0.541666667,1878.541667
1878,8,0.64,0.625,1878.625
1878,9,0.34,0.708333333,1878.708333
1878,10,-0.04,0.791666667,1878.791667
1878,11,0.04,0.875,1878.875
1878,12,0.43,0.958333333,1878.958333
1879,1,0.13,0.041666667,1879.041667
1879,2,0.2,0.125,1879.125
1879,3,-0.06,0.208333333,1879.208333
1879,4,0.09,0.291666667,1879.291667
1879,5,0.21,0.375,1879.375
1879,6,0.09,0.458333333,1879.458333
1879,7,-0.08,0.541666667,1879.541667
1879,8,-0.21,0.625,1879.625
1879,9,0.07,0.708333333,1879.708333
1879,10,0.36,0.791666667,1879.791667
1879,11,0.19,0.875,1879.875
1879,12,0.1,0.958333333,1879.958333
1880,1,0.15,0.041666667,1880.041667
1880,2,0.17,0.125,1880.125
1880,3,0.18,0.208333333,1880.208333
1880,4,0.11,0.291666667,1880.291667
1880,5,-0.13,0.375,1880.375
1880,6,-0.19,0.458333333,1880.458333
1880,7,0.08,0.541666667,1880.541667
1880,8,-0.02,0.625,1880.625
1880,9,-0.03,0.708333333,1880.708333
1880,10,0.15,0.791666667,1880.791667
1880,11,0.03,0.875,1880.875
1880,12,0,0.958333333,1880.958333
1881,1,0.28,0.041666667,1881.041667
1881,2,0.36,0.125,1881.125
1881,3,0.23,0.208333333,1881.208333
1881,4,0.06,0.291666667,1881.291667
1881,5,0.1,0.375,1881.375
1881,6,0.08,0.458333333,1881.458333
1881,7,-0.06,0.541666667,1881.541667
1881,8,-0.19,0.625,1881.625
1881,9,-0.15,0.708333333,1881.708333
1881,10,-0.26,0.791666667,1881.791667
1881,11,-0.4,0.875,1881.875
1881,12,-0.36,0.958333333,1881.958333
1882,1,-0.03,0.041666667,1882.041667
1882,2,-0.04,0.125,1882.125
1882,3,-0.09,0.208333333,1882.208333
1882,4,-0.11,0.291666667,1882.291667
1882,5,-0.22,0.375,1882.375
1882,6,-0.17,0.458333333,1882.458333
1882,7,-0.13,0.541666667,1882.541667
1882,8,-0.19,0.625,1882.625
1882,9,-0.28,0.708333333,1882.708333
1882,10,-0.12,0.791666667,1882.791667
1882,11,0.03,0.875,1882.875
1882,12,0,0.958333333,1882.958333
1883,1,-0.07,0.041666667,1883.041667
1883,2,-0.23,0.125,1883.125
1883,3,-0.37,0.208333333,1883.208333
1883,4,-0.36,0.291666667,1883.291667
1883,5,-0.42,0.375,1883.375
1883,6,-0.39,0.458333333,1883.458333
1883,7,-0.43,0.541666667,1883.541667
1883,8,-0.49,0.625,1883.625
1883,9,-0.63,0.708333333,1883.708333
1883,10,-0.36,0.791666667,1883.791667
1883,11,-0.19,0.875,1883.875
1883,12,-0.05,0.958333333,1883.958333
1884,1,-0.19,0.041666667,1884.041667
1884,2,-0.19,0.125,1884.125
1884,3,-0.28,0.208333333,1884.208333
1884,4,-0.43,0.291666667,1884.291667
1884,5,-0.25,0.375,1884.375
1884,6,-0.48,0.458333333,1884.458333
1884,7,-0.68,0.541666667,1884.541667
1884,8,-0.53,0.625,1884.625
1884,9,-0.52,0.708333333,1884.708333
1884,10,-0.41,0.791666667,1884.791667
1884,11,-0.48,0.875,1884.875
1884,12,-0.23,0.958333333,1884.958333
1885,1,-0.22,0.041666667,1885.041667
1885,2,-0.2,0.125,1885.125
1885,3,-0.29,0.208333333,1885.208333
1885,4,-0.23,0.291666667,1885.291667
1885,5,-0.23,0.375,1885.375
1885,6,-0.41,0.458333333,1885.458333
1885,7,-0.41,0.541666667,1885.541667
1885,8,-0.23,0.625,1885.625
1885,9,-0.26,0.708333333,1885.708333
1885,10,-0.08,0.791666667,1885.791667
1885,11,-0.04,0.875,1885.875
1885,12,0.01,0.958333333,1885.958333
1886,1,0.15,0.041666667,1886.041667
1886,2,0.15,0.125,1886.125
1886,3,0.05,0.208333333,1886.208333
1886,4,0.07,0.291666667,1886.291667
1886,5,0.14,0.375,1886.375
1886,6,0.03,0.458333333,1886.458333
1886,7,-0.09,0.541666667,1886.541667
1886,8,-0.32,0.625,1886.625
1886,9,-0.39,0.708333333,1886.708333
1886,10,-0.18,0.791666667,1886.791667
1886,11,-0.19,0.875,1886.875
1886,12,-0.18,0.958333333,1886.958333
1887,1,-0.28,0.041666667,1887.041667
1887,2,-0.22,0.125,1887.125
1887,3,-0.17,0.208333333,1887.208333
1887,4,-0.21,0.291666667,1887.291667
1887,5,-0.12,0.375,1887.375
1887,6,0.08,0.458333333,1887.458333
1887,7,-0.04,0.541666667,1887.541667
1887,8,-0.21,0.625,1887.625
1887,9,-0.29,0.708333333,1887.708333
1887,10,-0.07,0.791666667,1887.791667
1887,11,0,0.875,1887.875
1887,12,0.02,0.958333333,1887.958333
1888,1,0.05,0.041666667,1888.041667
1888,2,-0.03,0.125,1888.125
1888,3,-0.05,0.208333333,1888.208333
1888,4,-0.29,0.291666667,1888.291667
1888,5,-0.14,0.375,1888.375
1888,6,-0.07,0.458333333,1888.458333
1888,7,-0.34,0.541666667,1888.541667
1888,8,-0.41,0.625,1888.625
1888,9,-0.31,0.708333333,1888.708333
1888,10,-0.14,0.791666667,1888.791667
1888,11,-0.08,0.875,1888.875
1888,12,-0.03,0.958333333,1888.958333
1889,1,-0.1,0.041666667,1889.041667
1889,2,-0.11,0.125,1889.125
1889,3,-0.02,0.208333333,1889.208333
1889,4,0.02,0.291666667,1889.291667
1889,5,0.04,0.375,1889.375
1889,6,-0.13,0.458333333,1889.458333
1889,7,-0.34,0.541666667,1889.541667
1889,8,-0.32,0.625,1889.625
1889,9,-0.26,0.708333333,1889.708333
1889,10,-0.19,0.791666667,1889.791667
1889,11,-0.02,0.875,1889.875
1889,12,-0.06,0.958333333,1889.958333
1890,1,-0.13,0.041666667,1890.041667
1890,2,-0.21,0.125,1890.125
1890,3,-0.29,0.208333333,1890.208333
1890,4,-0.52,0.291666667,1890.291667
1890,5,-0.47,0.375,1890.375
1890,6,-0.47,0.458333333,1890.458333
1890,7,-0.76,0.541666667,1890.541667
1890,8,-0.86,0.625,1890.625
1890,9,-0.65,0.708333333,1890.708333
1890,10,-0.24,0.791666667,1890.791667
1890,11,-0.32,0.875,1890.875
1890,12,-0.47,0.958333333,1890.958333
1891,1,-0.57,0.041666667,1891.041667
1891,2,-0.41,0.125,1891.125
1891,3,-0.28,0.208333333,1891.208333
1891,4,-0.2,0.291666667,1891.291667
1891,5,-0.23,0.375,1891.375
1891,6,-0.28,0.458333333,1891.458333
1891,7,-0.24,0.541666667,1891.541667
1891,8,-0.28,0.625,1891.625
1891,9,-0.25,0.708333333,1891.708333
1891,10,-0.35,0.791666667,1891.791667
1891,11,-0.52,0.875,1891.875
1891,12,-0.29,0.958333333,1891.958333
1892,1,-0.22,0.041666667,1892.041667
1892,2,-0.26,0.125,1892.125
1892,3,-0.24,0.208333333,1892.208333
1892,4,-0.37,0.291666667,1892.291667
1892,5,-0.55,0.375,1892.375
1892,6,-0.66,0.458333333,1892.458333
1892,7,-0.68,0.541666667,1892.541667
1892,8,-0.51,0.625,1892.625
1892,9,-0.62,0.708333333,1892.708333
1892,10,-0.61,0.791666667,1892.791667
1892,11,-0.43,0.875,1892.875
1892,12,-0.34,0.958333333,1892.958333
1893,1,-0.22,0.041666667,1893.041667
1893,2,-0.25,0.125,1893.125
1893,3,-0.38,0.208333333,1893.208333
1893,4,-0.45,0.291666667,1893.291667
1893,5,-0.37,0.375,1893.375
1893,6,-0.18,0.458333333,1893.458333
1893,7,-0.3,0.541666667,1893.541667
1893,8,-0.27,0.625,1893.625
1893,9,-0.32,0.708333333,1893.708333
1893,10,-0.21,0.791666667,1893.791667
1893,11,-0.14,0.875,1893.875
1893,12,-0.21,0.958333333,1893.958333
1894,1,-0.3,0.041666667,1894.041667
1894,2,-0.36,0.125,1894.125
1894,3,-0.48,0.208333333,1894.208333
1894,4,-0.6,0.291666667,1894.291667
1894,5,-0.46,0.375,1894.375
1894,6,-0.62,0.458333333,1894.458333
1894,7,-0.55,0.541666667,1894.541667
1894,8,-0.64,0.625,1894.625
1894,9,-0.53,0.708333333,1894.708333
1894,10,-0.56,0.791666667,1894.791667
1894,11,-0.52,0.875,1894.875
1894,12,-0.39,0.958333333,1894.958333
1895,1,-0.28,0.041666667,1895.041667
1895,2,-0.39,0.125,1895.125
1895,3,-0.6,0.208333333,1895.208333
1895,4,-0.7,0.291666667,1895.291667
1895,5,-0.6,0.375,1895.375
1895,6,-0.51,0.458333333,1895.458333
1895,7,-0.4,0.541666667,1895.541667
1895,8,-0.45,0.625,1895.625
1895,9,-0.24,0.708333333,1895.708333
1895,10,-0.13,0.791666667,1895.791667
1895,11,-0.22,0.875,1895.875
1895,12,-0.21,0.958333333,1895.958333
1896,1,-0.27,0.041666667,1896.041667
1896,2,-0.23,0.125,1896.125
1896,3,-0.24,0.208333333,1896.208333
1896,4,-0.22,0.291666667,1896.291667
1896,5,0.14,0.375,1896.375
1896,6,0.03,0.458333333,1896.458333
1896,7,-0.21,0.541666667,1896.541667
1896,8,-0.15,0.625,1896.625
1896,9,-0.04,0.708333333,1896.708333
1896,10,-0.08,0.791666667,1896.791667
1896,11,0.03,0.875,1896.875
1896,12,-0.12,0.958333333,1896.958333
1897,1,-0.26,0.041666667,1897.041667
1897,2,-0.13,0.125,1897.125
1897,3,0.06,0.208333333,1897.208333
1897,4,-0.01,0.291666667,1897.291667
1897,5,-0.11,0.375,1897.375
1897,6,-0.17,0.458333333,1897.458333
1897,7,-0.17,0.541666667,1897.541667
1897,8,-0.33,0.625,1897.625
1897,9,-0.36,0.708333333,1897.708333
1897,10,-0.27,0.791666667,1897.791667
1897,11,-0.2,0.875,1897.875
1897,12,-0.26,0.958333333,1897.958333
1898,1,-0.25,0.041666667,1898.041667
1898,2,-0.16,0.125,1898.125
1898,3,-0.13,0.208333333,1898.208333
1898,4,-0.24,0.291666667,1898.291667
1898,5,-0.24,0.375,1898.375
1898,6,-0.13,0.458333333,1898.458333
1898,7,-0.1,0.541666667,1898.541667
1898,8,-0.12,0.625,1898.625
1898,9,-0.11,0.708333333,1898.708333
1898,10,-0.25,0.791666667,1898.791667
1898,11,-0.36,0.875,1898.875
1898,12,-0.34,0.958333333,1898.958333
1899,1,-0.21,0.041666667,1899.041667
1899,2,-0.3,0.125,1899.125
1899,3,-0.35,0.208333333,1899.208333
1899,4,-0.13,0.291666667,1899.291667
1899,5,-0.12,0.375,1899.375
1899,6,-0.23,0.458333333,1899.458333
1899,7,-0.21,0.541666667,1899.541667
1899,8,-0.05,0.625,1899.625
1899,9,-0.09,0.708333333,1899.708333
1899,10,-0.2,0.791666667,1899.791667
1899,11,-0.03,0.875,1899.875
1899,12,0.07,0.958333333,1899.958333
1900,1,0.07,0.041666667,1900.041667
1900,2,0.01,0.125,1900.125
1900,3,-0.15,0.208333333,1900.208333
1900,4,-0.19,0.291666667,1900.291667
1900,5,-0.39,0.375,1900.375
1900,6,-0.43,0.458333333,1900.458333
1900,7,-0.4,0.541666667,1900.541667
1900,8,-0.33,0.625,1900.625
1900,9,-0.27,0.708333333,1900.708333
1900,10,-0.14,0.791666667,1900.791667
1900,11,-0.17,0.875,1900.875
1900,12,-0.16,0.958333333,1900.958333
1901,1,-0.12,0.041666667,1901.041667
1901,2,-0.09,0.125,1901.125
1901,3,-0.23,0.208333333,1901.208333
1901,4,-0.24,0.291666667,1901.291667
1901,5,-0.21,0.375,1901.375
1901,6,-0.11,0.458333333,1901.458333
1901,7,-0.14,0.541666667,1901.541667
1901,8,-0.12,0.625,1901.625
1901,9,-0.19,0.708333333,1901.708333
1901,10,-0.33,0.791666667,1901.791667
1901,11,-0.42,0.875,1901.875
1901,12,-0.51,0.958333333,1901.958333
1902,1,-0.3,0.041666667,1902.041667
1902,2,-0.36,0.125,1902.125
1902,3,-0.41,0.208333333,1902.208333
1902,4,-0.51,0.291666667,1902.291667
1902,5,-0.44,0.375,1902.375
1902,6,-0.63,0.458333333,1902.458333
1902,7,-0.7,0.541666667,1902.541667
1902,8,-0.6,0.625,1902.625
1902,9,-0.45,0.708333333,1902.708333
1902,10,-0.26,0.791666667,1902.791667
1902,11,-0.28,0.875,1902.875
1902,12,-0.37,0.958333333,1902.958333
1903,1,-0.38,0.041666667,1903.041667
1903,2,-0.28,0.125,1903.125
1903,3,-0.27,0.208333333,1903.208333
1903,4,-0.36,0.291666667,1903.291667
1903,5,-0.44,0.375,1903.375
1903,6,-0.68,0.458333333,1903.458333
1903,7,-0.81,0.541666667,1903.541667
1903,8,-1,0.625,1903.625
1903,9,-0.84,0.708333333,1903.708333
1903,10,-0.73,0.791666667,1903.791667
1903,11,-0.6,0.875,1903.875
1903,12,-0.63,0.958333333,1903.958333
1904,1,-0.65,0.041666667,1904.041667
1904,2,-0.71,0.125,1904.125
1904,3,-0.8,0.208333333,1904.208333
1904,4,-0.82,0.291666667,1904.291667
1904,5,-0.8,0.375,1904.375
1904,6,-1.01,0.458333333,1904.458333
1904,7,-0.96,0.541666667,1904.541667
1904,8,-0.82,0.625,1904.625
1904,9,-0.92,0.708333333,1904.708333
1904,10,-0.76,0.791666667,1904.791667
1904,11,-0.58,0.875,1904.875
1904,12,-0.55,0.958333333,1904.958333
1905,1,-0.65,0.041666667,1905.041667
1905,2,-0.67,0.125,1905.125
1905,3,-0.66,0.208333333,1905.208333
1905,4,-0.62,0.291666667,1905.291667
1905,5,-0.5,0.375,1905.375
1905,6,-0.66,0.458333333,1905.458333
1905,7,-0.64,0.541666667,1905.541667
1905,8,-0.78,0.625,1905.625
1905,9,-0.86,0.708333333,1905.708333
1905,10,-0.68,0.791666667,1905.791667
1905,11,-0.63,0.875,1905.875
1905,12,-0.65,0.958333333,1905.958333
1906,1,-0.32,0.041666667,1906.041667
1906,2,-0.27,0.125,1906.125
1906,3,-0.35,0.208333333,1906.208333
1906,4,-0.39,0.291666667,1906.291667
1906,5,-0.49,0.375,1906.375
1906,6,-0.34,0.458333333,1906.458333
1906,7,-0.46,0.541666667,1906.541667
1906,8,-0.49,0.625,1906.625
1906,9,-0.53,0.708333333,1906.708333
1906,10,-0.49,0.791666667,1906.791667
1906,11,-0.29,0.875,1906.875
1906,12,-0.47,0.958333333,1906.958333
1907,1,-0.52,0.041666667,1907.041667
1907,2,-0.61,0.125,1907.125
1907,3,-0.53,0.208333333,1907.208333
1907,4,-0.51,0.291666667,1907.291667
1907,5,-0.59,0.375,1907.375
1907,6,-0.71,0.458333333,1907.458333
1907,7,-0.78,0.541666667,1907.541667
1907,8,-0.83,0.625,1907.625
1907,9,-0.59,0.708333333,1907.708333
1907,10,-0.49,0.791666667,1907.791667
1907,11,-0.53,0.875,1907.875
1907,12,-0.5,0.958333333,1907.958333
1908,1,-0.53,0.041666667,1908.041667
1908,2,-0.56,0.125,1908.125
1908,3,-0.55,0.208333333,1908.208333
1908,4,-0.7,0.291666667,1908.291667
1908,5,-0.59,0.375,1908.375
1908,6,-0.47,0.458333333,1908.458333
1908,7,-0.39,0.541666667,1908.541667
1908,8,-0.52,0.625,1908.625
1908,9,-0.55,0.708333333,1908.708333
1908,10,-0.48,0.791666667,1908.791667
1908,11,-0.41,0.875,1908.875
1908,12,-0.34,0.958333333,1908.958333
1909,1,-0.37,0.041666667,1909.041667
1909,2,-0.51,0.125,1909.125
1909,3,-0.51,0.208333333,1909.208333
1909,4,-0.64,0.291666667,1909.291667
1909,5,-0.53,0.375,1909.375
1909,6,-0.7,0.458333333,1909.458333
1909,7,-0.79,0.541666667,1909.541667
1909,8,-0.65,0.625,1909.625
1909,9,-0.55,0.708333333,1909.708333
1909,10,-0.48,0.791666667,1909.791667
1909,11,-0.65,0.875,1909.875
1909,12,-0.57,0.958333333,1909.958333
1910,1,-0.64,0.041666667,1910.041667
1910,2,-0.55,0.125,1910.125
1910,3,-0.58,0.208333333,1910.208333
1910,4,-0.59,0.291666667,1910.291667
1910,5,-0.71,0.375,1910.375
1910,6,-0.8,0.458333333,1910.458333
1910,7,-0.86,0.541666667,1910.541667
1910,8,-0.71,0.625,1910.625
1910,9,-0.5,0.708333333,1910.708333
1910,10,-0.48,0.791666667,1910.791667
1910,11,-0.34,0.875,1910.875
1910,12,-0.46,0.958333333,1910.958333
1911,1,-0.5,0.041666667,1911.041667
1911,2,-0.47,0.125,1911.125
1911,3,-0.63,0.208333333,1911.208333
1911,4,-0.7,0.291666667,1911.291667
1911,5,-0.64,0.375,1911.375
1911,6,-0.57,0.458333333,1911.458333
1911,7,-0.55,0.541666667,1911.541667
1911,8,-0.51,0.625,1911.625
1911,9,-0.48,0.708333333,1911.708333
1911,10,-0.4,0.791666667,1911.791667
1911,11,-0.46,0.875,1911.875
1911,12,-0.46,0.958333333,1911.958333
1912,1,-0.5,0.041666667,1912.041667
1912,2,-0.54,0.125,1912.125
1912,3,-0.51,0.208333333,1912.208333
1912,4,-0.48,0.291666667,1912.291667
1912,5,-0.46,0.375,1912.375
1912,6,-0.61,0.458333333,1912.458333
1912,7,-0.84,0.541666667,1912.541667
1912,8,-1.07,0.625,1912.625
1912,9,-0.84,0.708333333,1912.708333
1912,10,-0.64,0.791666667,1912.791667
1912,11,-0.62,0.875,1912.875
1912,12,-0.53,0.958333333,1912.958333
1913,1,-0.49,0.041666667,1913.041667
1913,2,-0.44,0.125,1913.125
1913,3,-0.51,0.208333333,1913.208333
1913,4,-0.77,0.291666667,1913.291667
1913,5,-0.8,0.375,1913.375
1913,6,-0.96,0.458333333,1913.458333
1913,7,-0.88,0.541666667,1913.541667
1913,8,-0.86,0.625,1913.625
1913,9,-0.77,0.708333333,1913.708333
1913,10,-0.57,0.791666667,1913.791667
1913,11,-0.53,0.875,1913.875
1913,12,-0.37,0.958333333,1913.958333
1914,1,-0.33,0.041666667,1914.041667
1914,2,-0.44,0.125,1914.125
1914,3,-0.63,0.208333333,1914.208333
1914,4,-0.58,0.291666667,1914.291667
1914,5,-0.55,0.375,1914.375
1914,6,-0.67,0.458333333,1914.458333
1914,7,-0.88,0.541666667,1914.541667
1914,8,-0.85,0.625,1914.625
1914,9,-0.53,0.708333333,1914.708333
1914,10,-0.24,0.791666667,1914.791667
1914,11,-0.25,0.875,1914.875
1914,12,-0.29,0.958333333,1914.958333
1915,1,-0.24,0.041666667,1915.041667
1915,2,-0.15,0.125,1915.125
1915,3,-0.11,0.208333333,1915.208333
1915,4,-0.17,0.291666667,1915.291667
1915,5,-0.04,0.375,1915.375
1915,6,-0.02,0.458333333,1915.458333
1915,7,-0.03,0.541666667,1915.541667
1915,8,-0.03,0.625,1915.625
1915,9,-0.04,0.708333333,1915.708333
1915,10,-0.06,0.791666667,1915.791667
1915,11,-0.04,0.875,1915.875
1915,12,-0.08,0.958333333,1915.958333
1916,1,-0.18,0.041666667,1916.041667
1916,2,-0.15,0.125,1916.125
1916,3,-0.33,0.208333333,1916.208333
1916,4,-0.33,0.291666667,1916.291667
1916,5,-0.26,0.375,1916.375
1916,6,-0.27,0.458333333,1916.458333
1916,7,-0.4,0.541666667,1916.541667
1916,8,-0.53,0.625,1916.625
1916,9,-0.44,0.708333333,1916.708333
1916,10,-0.16,0.791666667,1916.791667
1916,11,-0.42,0.875,1916.875
1916,12,-0.47,0.958333333,1916.958333
1917,1,-0.52,0.041666667,1917.041667
1917,2,-0.49,0.125,1917.125
1917,3,-0.52,0.208333333,1917.208333
1917,4,-0.57,0.291666667,1917.291667
1917,5,-0.52,0.375,1917.375
1917,6,-0.43,0.458333333,1917.458333
1917,7,-0.45,0.541666667,1917.541667
1917,8,-0.47,0.625,1917.625
1917,9,-0.68,0.708333333,1917.708333
1917,10,-0.51,0.791666667,1917.791667
1917,11,-0.39,0.875,1917.875
1917,12,-0.3,0.958333333,1917.958333
1918,1,-0.27,0.041666667,1918.041667
1918,2,-0.34,0.125,1918.125
1918,3,-0.5,0.208333333,1918.208333
1918,4,-0.51,0.291666667,1918.291667
1918,5,-0.48,0.375,1918.375
1918,6,-0.58,0.458333333,1918.458333
1918,7,-0.69,0.541666667,1918.541667
1918,8,-0.78,0.625,1918.625
1918,9,-0.72,0.708333333,1918.708333
1918,10,-0.58,0.791666667,1918.791667
1918,11,-0.34,0.875,1918.875
1918,12,-0.15,0.958333333,1918.958333
1919,1,-0.19,0.041666667,1919.041667
1919,2,-0.11,0.125,1919.125
1919,3,-0.11,0.208333333,1919.208333
1919,4,-0.28,0.291666667,1919.291667
1919,5,-0.4,0.375,1919.375
1919,6,-0.54,0.458333333,1919.458333
1919,7,-0.73,0.541666667,1919.541667
1919,8,-0.49,0.625,1919.625
1919,9,-0.31,0.708333333,1919.708333
1919,10,-0.19,0.791666667,1919.791667
1919,11,-0.31,0.875,1919.875
1919,12,-0.37,0.958333333,1919.958333
1920,1,-0.45,0.041666667,1920.041667
1920,2,-0.44,0.125,1920.125
1920,3,-0.42,0.208333333,1920.208333
1920,4,-0.44,0.291666667,1920.291667
1920,5,-0.5,0.375,1920.375
1920,6,-0.62,0.458333333,1920.458333
1920,7,-0.76,0.541666667,1920.541667
1920,8,-0.76,0.625,1920.625
1920,9,-0.52,0.708333333,1920.708333
1920,10,-0.4,0.791666667,1920.791667
1920,11,-0.43,0.875,1920.875
1920,12,-0.42,0.958333333,1920.958333
1921,1,-0.37,0.041666667,1921.041667
1921,2,-0.25,0.125,1921.125
1921,3,-0.24,0.208333333,1921.208333
1921,4,-0.29,0.291666667,1921.291667
1921,5,-0.47,0.375,1921.375
1921,6,-0.48,0.458333333,1921.458333
1921,7,-0.36,0.541666667,1921.541667
1921,8,-0.64,0.625,1921.625
1921,9,-0.44,0.708333333,1921.708333
1921,10,-0.1,0.791666667,1921.791667
1921,11,-0.26,0.875,1921.875
1921,12,-0.16,0.958333333,1921.958333
1922,1,-0.21,0.041666667,1922.041667
1922,2,-0.24,0.125,1922.125
1922,3,-0.42,0.208333333,1922.208333
1922,4,-0.58,0.291666667,1922.291667
1922,5,-0.62,0.375,1922.375
1922,6,-0.6,0.458333333,1922.458333
1922,7,-0.83,0.541666667,1922.541667
1922,8,-0.74,0.625,1922.625
1922,9,-0.64,0.708333333,1922.708333
1922,10,-0.43,0.791666667,1922.791667
1922,11,-0.45,0.875,1922.875
1922,12,-0.38,0.958333333,1922.958333
1923,1,-0.4,0.041666667,1923.041667
1923,2,-0.49,0.125,1923.125
1923,3,-0.53,0.208333333,1923.208333
1923,4,-0.62,0.291666667,1923.291667
1923,5,-0.55,0.375,1923.375
1923,6,-0.66,0.458333333,1923.458333
1923,7,-0.74,0.541666667,1923.541667
1923,8,-0.89,0.625,1923.625
1923,9,-0.72,0.708333333,1923.708333
1923,10,-0.45,0.791666667,1923.791667
1923,11,-0.38,0.875,1923.875
1923,12,-0.13,0.958333333,1923.958333
1924,1,-0.25,0.041666667,1924.041667
1924,2,-0.36,0.125,1924.125
1924,3,-0.32,0.208333333,1924.208333
1924,4,-0.34,0.291666667,1924.291667
1924,5,-0.22,0.375,1924.375
1924,6,-0.39,0.458333333,1924.458333
1924,7,-0.56,0.541666667,1924.541667
1924,8,-0.6,0.625,1924.625
1924,9,-0.57,0.708333333,1924.708333
1924,10,-0.45,0.791666667,1924.791667
1924,11,-0.45,0.875,1924.875
1924,12,-0.4,0.958333333,1924.958333
1925,1,-0.48,0.041666667,1925.041667
1925,2,-0.38,0.125,1925.125
1925,3,-0.38,0.208333333,1925.208333
1925,4,-0.39,0.291666667,1925.291667
1925,5,-0.3,0.375,1925.375
1925,6,-0.45,0.458333333,1925.458333
1925,7,-0.47,0.541666667,1925.541667
1925,8,-0.5,0.625,1925.625
1925,9,-0.42,0.708333333,1925.708333
1925,10,-0.27,0.791666667,1925.791667
1925,11,-0.36,0.875,1925.875
1925,12,-0.15,0.958333333,1925.958333
1926,1,-0.06,0.041666667,1926.041667
1926,2,-0.04,0.125,1926.125
1926,3,-0.17,0.208333333,1926.208333
1926,4,-0.1,0.291666667,1926.291667
1926,5,-0.18,0.375,1926.375
1926,6,-0.23,0.458333333,1926.458333
1926,7,-0.28,0.541666667,1926.541667
1926,8,-0.33,0.625,1926.625
1926,9,-0.22,0.708333333,1926.708333
1926,10,0.07,0.791666667,1926.791667
1926,11,-0.09,0.875,1926.875
1926,12,-0.01,0.958333333,1926.958333
1927,1,0.01,0.041666667,1927.041667
1927,2,0.01,0.125,1927.125
1927,3,-0.05,0.208333333,1927.208333
1927,4,-0.1,0.291666667,1927.291667
1927,5,0.01,0.375,1927.375
1927,6,-0.14,0.458333333,1927.458333
1927,7,-0.25,0.541666667,1927.541667
1927,8,-0.23,0.625,1927.625
1927,9,-0.15,0.708333333,1927.708333
1927,10,0.04,0.791666667,1927.791667
1927,11,0.1,0.875,1927.875
1927,12,-0.03,0.958333333,1927.958333
1928,1,-0.11,0.041666667,1928.041667
1928,2,-0.22,0.125,1928.125
1928,3,-0.21,0.208333333,1928.208333
1928,4,-0.39,0.291666667,1928.291667
1928,5,-0.36,0.375,1928.375
1928,6,-0.3,0.458333333,1928.458333
1928,7,-0.3,0.541666667,1928.541667
1928,8,-0.33,0.625,1928.625
1928,9,-0.23,0.708333333,1928.708333
1928,10,-0.17,0.791666667,1928.791667
1928,11,-0.2,0.875,1928.875
1928,12,-0.22,0.958333333,1928.958333
1929,1,-0.17,0.041666667,1929.041667
1929,2,-0.17,0.125,1929.125
1929,3,-0.21,0.208333333,1929.208333
1929,4,-0.23,0.291666667,1929.291667
1929,5,-0.46,0.375,1929.375
1929,6,-0.57,0.458333333,1929.458333
1929,7,-0.58,0.541666667,1929.541667
1929,8,-0.53,0.625,1929.625
1929,9,-0.36,0.708333333,1929.708333
1929,10,-0.21,0.791666667,1929.791667
1929,11,-0.22,0.875,1929.875
1929,12,-0.32,0.958333333,1929.958333
1930,1,-0.28,0.041666667,1930.041667
1930,2,-0.33,0.125,1930.125
1930,3,-0.33,0.208333333,1930.208333
1930,4,-0.51,0.291666667,1930.291667
1930,5,-0.36,0.375,1930.375
1930,6,-0.38,0.458333333,1930.458333
1930,7,-0.32,0.541666667,1930.541667
1930,8,-0.38,0.625,1930.625
1930,9,-0.11,0.708333333,1930.708333
1930,10,0.1,0.791666667,1930.791667
1930,11,0.17,0.875,1930.875
1930,12,0.08,0.958333333,1930.958333
1931,1,0.06,0.041666667,1931.041667
1931,2,-0.01,0.125,1931.125
1931,3,0.03,0.208333333,1931.208333
1931,4,0.02,0.291666667,1931.291667
1931,5,0.06,0.375,1931.375
1931,6,0.01,0.458333333,1931.458333
1931,7,-0.13,0.541666667,1931.541667
1931,8,-0.17,0.625,1931.625
1931,9,-0.02,0.708333333,1931.708333
1931,10,0.17,0.791666667,1931.791667
1931,11,0.03,0.875,1931.875
1931,12,0.09,0.958333333,1931.958333
1932,1,0.16,0.041666667,1932.041667
1932,2,0.2,0.125,1932.125
1932,3,0.16,0.208333333,1932.208333
1932,4,0.12,0.291666667,1932.291667
1932,5,-0.02,0.375,1932.375
1932,6,-0.01,0.458333333,1932.458333
1932,7,-0.1,0.541666667,1932.541667
1932,8,0.17,0.625,1932.625
1932,9,0.2,0.708333333,1932.708333
1932,10,0.11,0.791666667,1932.791667
1932,11,0.04,0.875,1932.875
1932,12,0.04,0.958333333,1932.958333
1933,1,0.06,0.041666667,1933.041667
1933,2,0.13,0.125,1933.125
1933,3,0.01,0.208333333,1933.208333
1933,4,0.14,0.291666667,1933.291667
1933,5,0.16,0.375,1933.375
1933,6,0.06,0.458333333,1933.458333
1933,7,-0.05,0.541666667,1933.541667
1933,8,-0.07,0.625,1933.625
1933,9,0.03,0.708333333,1933.708333
1933,10,0.33,0.791666667,1933.791667
1933,11,0.12,0.875,1933.875
1933,12,-0.12,0.958333333,1933.958333
1934,1,-0.12,0.041666667,1934.041667
1934,2,-0.25,0.125,1934.125
1934,3,-0.22,0.208333333,1934.208333
1934,4,-0.25,0.291666667,1934.291667
1934,5,-0.3,0.375,1934.375
1934,6,-0.16,0.458333333,1934.458333
1934,7,-0.12,0.541666667,1934.541667
1934,8,-0.15,0.625,1934.625
1934,9,-0.06,0.708333333,1934.708333
1934,10,0.1,0.791666667,1934.791667
1934,11,0.01,0.875,1934.875
1934,12,-0.05,0.958333333,1934.958333
1935,1,0,0.041666667,1935.041667
1935,2,-0.15,0.125,1935.125
1935,3,-0.21,0.208333333,1935.208333
1935,4,-0.11,0.291666667,1935.291667
1935,5,-0.1,0.375,1935.375
1935,6,-0.12,0.458333333,1935.458333
1935,7,-0.23,0.541666667,1935.541667
1935,8,-0.21,0.625,1935.625
1935,9,-0.3,0.708333333,1935.708333
1935,10,-0.17,0.791666667,1935.791667
1935,11,-0.02,0.875,1935.875
1935,12,0.02,0.958333333,1935.958333
1936,1,0.03,0.041666667,1936.041667
1936,2,0,0.125,1936.125
1936,3,0.08,0.208333333,1936.208333
1936,4,0.03,0.291666667,1936.291667
1936,5,-0.02,0.375,1936.375
1936,6,0.09,0.458333333,1936.458333
1936,7,-0.17,0.541666667,1936.541667
1936,8,-0.15,0.625,1936.625
1936,9,-0.13,0.708333333,1936.708333
1936,10,0,0.791666667,1936.791667
1936,11,-0.07,0.875,1936.875
1936,12,-0.03,0.958333333,1936.958333
1937,1,0.07,0.041666667,1937.041667
1937,2,0.06,0.125,1937.125
1937,3,0.04,0.208333333,1937.208333
1937,4,-0.07,0.291666667,1937.291667
1937,5,0,0.375,1937.375
1937,6,0.35,0.458333333,1937.458333
1937,7,0.36,0.541666667,1937.541667
1937,8,0.36,0.625,1937.625
1937,9,0.39,0.708333333,1937.708333
1937,10,0.22,0.791666667,1937.791667
1937,11,0.24,0.875,1937.875
1937,12,0.28,0.958333333,1937.958333
1938,1,0.08,0.041666667,1938.041667
1938,2,0,0.125,1938.125
1938,3,0.02,0.208333333,1938.208333
1938,4,0,0.291666667,1938.291667
1938,5,0.03,0.375,1938.375
1938,6,-0.06,0.458333333,1938.458333
1938,7,-0.19,0.541666667,1938.541667
1938,8,-0.13,0.625,1938.625
1938,9,-0.04,0.708333333,1938.708333
1938,10,0.07,0.791666667,1938.791667
1938,11,0.14,0.875,1938.875
1938,12,-0.04,0.958333333,1938.958333
1939,1,-0.09,0.041666667,1939.041667
1939,2,-0.06,0.125,1939.125
1939,3,-0.24,0.208333333,1939.208333
1939,4,-0.3,0.291666667,1939.291667
1939,5,-0.19,0.375,1939.375
1939,6,-0.06,0.458333333,1939.458333
1939,7,-0.16,0.541666667,1939.541667
1939,8,0.07,0.625,1939.625
1939,9,0.19,0.708333333,1939.708333
1939,10,0.14,0.791666667,1939.791667
1939,11,0.07,0.875,1939.875
1939,12,0.18,0.958333333,1939.958333
1940,1,0.3,0.041666667,1940.041667
1940,2,0.17,0.125,1940.125
1940,3,0.12,0.208333333,1940.208333
1940,4,0.13,0.291666667,1940.291667
1940,5,0.17,0.375,1940.375
1940,6,0.23,0.458333333,1940.458333
1940,7,0.18,0.541666667,1940.541667
1940,8,0.21,0.625,1940.625
1940,9,0.23,0.708333333,1940.708333
1940,10,0.35,0.791666667,1940.791667
1940,11,0.36,0.875,1940.875
1940,12,0.37,0.958333333,1940.958333
1941,1,0.4,0.041666667,1941.041667
1941,2,0.28,0.125,1941.125
1941,3,0.07,0.208333333,1941.208333
1941,4,0.23,0.291666667,1941.291667
1941,5,0.13,0.375,1941.375
1941,6,-0.07,0.458333333,1941.458333
1941,7,0.07,0.541666667,1941.541667
1941,8,0.16,0.625,1941.625
1941,9,0.29,0.708333333,1941.708333
1941,10,0.59,0.791666667,1941.791667
1941,11,0.6,0.875,1941.875
1941,12,0.51,0.958333333,1941.958333
1942,1,0.11,0.041666667,1942.041667
1942,2,0.1,0.125,1942.125
1942,3,0.2,0.208333333,1942.208333
1942,4,0.24,0.291666667,1942.291667
1942,5,0.26,0.375,1942.375
1942,6,0.18,0.458333333,1942.458333
1942,7,0.12,0.541666667,1942.541667
1942,8,0.14,0.625,1942.625
1942,9,0.2,0.708333333,1942.708333
1942,10,0.17,0.791666667,1942.791667
1942,11,0.19,0.875,1942.875
1942,12,0.06,0.958333333,1942.958333
1943,1,0.01,0.041666667,1943.041667
1943,2,0.01,0.125,1943.125
1943,3,-0.13,0.208333333,1943.208333
1943,4,-0.07,0.291666667,1943.291667
1943,5,-0.03,0.375,1943.375
1943,6,-0.09,0.458333333,1943.458333
1943,7,-0.16,0.541666667,1943.541667
1943,8,-0.12,0.625,1943.625
1943,9,-0.03,0.708333333,1943.708333
1943,10,0.07,0.791666667,1943.791667
1943,11,0.1,0.875,1943.875
1943,12,0.11,0.958333333,1943.958333
1944,1,0.24,0.041666667,1944.041667
1944,2,0.41,0.125,1944.125
1944,3,0.36,0.208333333,1944.208333
1944,4,0.31,0.291666667,1944.291667
1944,5,0.07,0.375,1944.375
1944,6,0.23,0.458333333,1944.458333
1944,7,0.18,0.541666667,1944.541667
1944,8,0.22,0.625,1944.625
1944,9,0.39,0.708333333,1944.708333
1944,10,0.39,0.791666667,1944.791667
1944,11,0.33,0.875,1944.875
1944,12,0.29,0.958333333,1944.958333
1945,1,0.35,0.041666667,1945.041667
1945,2,0.41,0.125,1945.125
1945,3,0.45,0.208333333,1945.208333
1945,4,0.59,0.291666667,1945.291667
1945,5,0.43,0.375,1945.375
1945,6,0.3,0.458333333,1945.458333
1945,7,0.18,0.541666667,1945.541667
1945,8,0.43,0.625,1945.625
1945,9,0.38,0.708333333,1945.708333
1945,10,0.23,0.791666667,1945.791667
1945,11,0.01,0.875,1945.875
1945,12,0.06,0.958333333,1945.958333
1946,1,0,0.041666667,1946.041667
1946,2,-0.04,0.125,1946.125
1946,3,0.05,0.208333333,1946.208333
1946,4,-0.09,0.291666667,1946.291667
1946,5,-0.15,0.375,1946.375
1946,6,-0.42,0.458333333,1946.458333
1946,7,-0.42,0.541666667,1946.541667
1946,8,-0.37,0.625,1946.625
1946,9,-0.17,0.708333333,1946.708333
1946,10,-0.12,0.791666667,1946.791667
1946,11,-0.15,0.875,1946.875
1946,12,-0.22,0.958333333,1946.958333
1947,1,-0.31,0.041666667,1947.041667
1947,2,-0.3,0.125,1947.125
1947,3,-0.28,0.208333333,1947.208333
1947,4,-0.3,0.291666667,1947.291667
1947,5,-0.34,0.375,1947.375
1947,6,-0.35,0.458333333,1947.458333
1947,7,-0.37,0.541666667,1947.541667
1947,8,-0.31,0.625,1947.625
1947,9,-0.34,0.708333333,1947.708333
1947,10,-0.2,0.791666667,1947.791667
1947,11,-0.01,0.875,1947.875
1947,12,-0.2,0.958333333,1947.958333
1948,1,-0.13,0.041666667,1948.041667
1948,2,-0.14,0.125,1948.125
1948,3,-0.09,0.208333333,1948.208333
1948,4,-0.2,0.291666667,1948.291667
1948,5,-0.12,0.375,1948.375
1948,6,-0.15,0.458333333,1948.458333
1948,7,-0.2,0.541666667,1948.541667
1948,8,-0.22,0.625,1948.625
1948,9,-0.29,0.708333333,1948.708333
1948,10,-0.15,0.791666667,1948.791667
1948,11,0,0.875,1948.875
1948,12,-0.08,0.958333333,1948.958333
1949,1,0.11,0.041666667,1949.041667
1949,2,0.14,0.125,1949.125
1949,3,-0.06,0.208333333,1949.208333
1949,4,-0.02,0.291666667,1949.291667
1949,5,-0.13,0.375,1949.375
1949,6,-0.2,0.458333333,1949.458333
1949,7,-0.04,0.541666667,1949.541667
1949,8,-0.02,0.625,1949.625
1949,9,-0.02,0.708333333,1949.708333
1949,10,0.04,0.791666667,1949.791667
1949,11,0.08,0.875,1949.875
1949,12,0.03,0.958333333,1949.958333
1950,1,-0.03,0.041666667,1950.041667
1950,2,-0.13,0.125,1950.125
1950,3,-0.16,0.208333333,1950.208333
1950,4,-0.22,0.291666667,1950.291667
1950,5,-0.23,0.375,1950.375
1950,6,-0.22,0.458333333,1950.458333
1950,7,-0.31,0.541666667,1950.541667
1950,8,-0.28,0.625,1950.625
1950,9,-0.28,0.708333333,1950.708333
1950,10,-0.23,0.791666667,1950.791667
1950,11,0,0.875,1950.875
1950,12,0.04,0.958333333,1950.958333
1951,1,0.04,0.041666667,1951.041667
1951,2,-0.07,0.125,1951.125
1951,3,-0.08,0.208333333,1951.208333
1951,4,0.05,0.291666667,1951.291667
1951,5,0.12,0.375,1951.375
1951,6,0.16,0.458333333,1951.458333
1951,7,0.31,0.541666667,1951.541667
1951,8,0.17,0.625,1951.625
1951,9,0.12,0.708333333,1951.708333
1951,10,0.13,0.791666667,1951.791667
1951,11,0.13,0.875,1951.875
1951,12,0.12,0.958333333,1951.958333
1952,1,0,0.041666667,1952.041667
1952,2,0.04,0.125,1952.125
1952,3,0.09,0.208333333,1952.208333
1952,4,0.02,0.291666667,1952.291667
1952,5,0.05,0.375,1952.375
1952,6,0.28,0.458333333,1952.458333
1952,7,0.25,0.541666667,1952.541667
1952,8,0.33,0.625,1952.625
1952,9,0.21,0.708333333,1952.708333
1952,10,0.24,0.791666667,1952.791667
1952,11,0.09,0.875,1952.875
1952,12,0.17,0.958333333,1952.958333
1953,1,0.14,0.041666667,1953.041667
1953,2,0.07,0.125,1953.125
1953,3,0.01,0.208333333,1953.208333
1953,4,0.16,0.291666667,1953.291667
1953,5,0.27,0.375,1953.375
1953,6,0.18,0.458333333,1953.458333
1953,7,0.17,0.541666667,1953.541667
1953,8,-0.02,0.625,1953.625
1953,9,0.09,0.708333333,1953.708333
1953,10,0.07,0.791666667,1953.791667
1953,11,0.24,0.875,1953.875
1953,12,0.24,0.958333333,1953.958333
1954,1,0.15,0.041666667,1954.041667
1954,2,-0.01,0.125,1954.125
1954,3,-0.05,0.208333333,1954.208333
1954,4,-0.11,0.291666667,1954.291667
1954,5,-0.05,0.375,1954.375
1954,6,-0.08,0.458333333,1954.458333
1954,7,-0.18,0.541666667,1954.541667
1954,8,-0.27,0.625,1954.625
1954,9,-0.22,0.708333333,1954.708333
1954,10,-0.06,0.791666667,1954.791667
1954,11,-0.1,0.875,1954.875
1954,12,-0.06,0.958333333,1954.958333
1955,1,0.08,0.041666667,1955.041667
1955,2,-0.06,0.125,1955.125
1955,3,-0.1,0.208333333,1955.208333
1955,4,-0.08,0.291666667,1955.291667
1955,5,0.07,0.375,1955.375
1955,6,-0.11,0.458333333,1955.458333
1955,7,0.16,0.541666667,1955.541667
1955,8,0.17,0.625,1955.625
1955,9,0.14,0.708333333,1955.708333
1955,10,0.15,0.791666667,1955.791667
1955,11,0.29,0.875,1955.875
1955,12,0.12,0.958333333,1955.958333
1956,1,0.1,0.041666667,1956.041667
1956,2,-0.02,0.125,1956.125
1956,3,-0.09,0.208333333,1956.208333
1956,4,-0.1,0.291666667,1956.291667
1956,5,-0.22,0.375,1956.375
1956,6,-0.43,0.458333333,1956.458333
1956,7,-0.28,0.541666667,1956.541667
1956,8,-0.25,0.625,1956.625
1956,9,-0.3,0.708333333,1956.708333
1956,10,-0.09,0.791666667,1956.791667
1956,11,-0.14,0.875,1956.875
1956,12,0.01,0.958333333,1956.958333
1957,1,-0.16,0.041666667,1957.041667
1957,2,-0.12,0.125,1957.125
1957,3,-0.06,0.208333333,1957.208333
1957,4,-0.16,0.291666667,1957.291667
1957,5,-0.27,0.375,1957.375
1957,6,-0.14,0.458333333,1957.458333
1957,7,-0.1,0.541666667,1957.541667
1957,8,0.06,0.625,1957.625
1957,9,0.11,0.708333333,1957.708333
1957,10,0.1,0.791666667,1957.791667
1957,11,0.03,0.875,1957.875
1957,12,0.04,0.958333333,1957.958333
1958,1,0.09,0.041666667,1958.041667
1958,2,0.16,0.125,1958.125
1958,3,0.31,0.208333333,1958.208333
1958,4,0.3,0.291666667,1958.291667
1958,5,0.15,0.375,1958.375
1958,6,0.12,0.458333333,1958.458333
1958,7,-0.05,0.541666667,1958.541667
1958,8,0.04,0.625,1958.625
1958,9,0.04,0.708333333,1958.708333
1958,10,0.04,0.791666667,1958.791667
1958,11,0.12,0.875,1958.875
1958,12,0.14,0.958333333,1958.958333
1959,1,0.07,0.041666667,1959.041667
1959,2,0.11,0.125,1959.125
1959,3,-0.07,0.208333333,1959.208333
1959,4,-0.19,0.291666667,1959.291667
1959,5,-0.15,0.375,1959.375
1959,6,-0.15,0.458333333,1959.458333
1959,7,-0.18,0.541666667,1959.541667
1959,8,-0.12,0.625,1959.625
1959,9,0.04,0.708333333,1959.708333
1959,10,0.08,0.791666667,1959.791667
1959,11,-0.01,0.875,1959.875
1959,12,-0.05,0.958333333,1959.958333
1960,1,0.06,0.041666667,1960.041667
1960,2,0.09,0.125,1960.125
1960,3,-0.05,0.208333333,1960.208333
1960,4,-0.06,0.291666667,1960.291667
1960,5,0.15,0.375,1960.375
1960,6,0.18,0.458333333,1960.458333
1960,7,0.1,0.541666667,1960.541667
1960,8,0.17,0.625,1960.625
1960,9,0.08,0.708333333,1960.708333
1960,10,0.22,0.791666667,1960.791667
1960,11,0.15,0.875,1960.875
1960,12,0.06,0.958333333,1960.958333
1961,1,0.08,0.041666667,1961.041667
1961,2,0.08,0.125,1961.125
1961,3,0.17,0.208333333,1961.208333
1961,4,0.18,0.291666667,1961.291667
1961,5,0.12,0.375,1961.375
1961,6,-0.02,0.458333333,1961.458333
1961,7,-0.06,0.541666667,1961.541667
1961,8,0.04,0.625,1961.625
1961,9,-0.03,0.708333333,1961.708333
1961,10,0,0.791666667,1961.791667
1961,11,0.15,0.875,1961.875
1961,12,0.26,0.958333333,1961.958333
1962,1,0.14,0.041666667,1962.041667
1962,2,0.17,0.125,1962.125
1962,3,0.13,0.208333333,1962.208333
1962,4,0.04,0.291666667,1962.291667
1962,5,-0.07,0.375,1962.375
1962,6,-0.17,0.458333333,1962.458333
1962,7,-0.12,0.541666667,1962.541667
1962,8,-0.19,0.625,1962.625
1962,9,-0.1,0.708333333,1962.708333
1962,10,0.08,0.791666667,1962.791667
1962,11,0.11,0.875,1962.875
1962,12,0.22,0.958333333,1962.958333
1963,1,0.18,0.041666667,1963.041667
1963,2,0.07,0.125,1963.125
1963,3,0.01,0.208333333,1963.208333
1963,4,0.01,0.291666667,1963.291667
1963,5,-0.17,0.375,1963.375
1963,6,-0.14,0.458333333,1963.458333
1963,7,-0.17,0.541666667,1963.541667
1963,8,-0.14,0.625,1963.625
1963,9,-0.22,0.708333333,1963.708333
1963,10,-0.04,0.791666667,1963.791667
1963,11,0.02,0.875,1963.875
1963,12,-0.03,0.958333333,1963.958333
1964,1,-0.14,0.041666667,1964.041667
1964,2,-0.05,0.125,1964.125
1964,3,-0.08,0.208333333,1964.208333
1964,4,-0.28,0.291666667,1964.291667
1964,5,-0.03,0.375,1964.375
1964,6,-0.08,0.458333333,1964.458333
1964,7,-0.19,0.541666667,1964.541667
1964,8,-0.35,0.625,1964.625
1964,9,-0.35,0.708333333,1964.708333
1964,10,-0.3,0.791666667,1964.791667
1964,11,-0.21,0.875,1964.875
1964,12,-0.18,0.958333333,1964.958333
1965,1,-0.25,0.041666667,1965.041667
1965,2,-0.23,0.125,1965.125
1965,3,-0.16,0.208333333,1965.208333
1965,4,-0.12,0.291666667,1965.291667
1965,5,-0.18,0.375,1965.375
1965,6,-0.29,0.458333333,1965.458333
1965,7,-0.36,0.541666667,1965.541667
1965,8,-0.32,0.625,1965.625
1965,9,-0.34,0.708333333,1965.708333
1965,10,-0.26,0.791666667,1965.791667
1965,11,-0.28,0.875,1965.875
1965,12,-0.09,0.958333333,1965.958333
1966,1,-0.16,0.041666667,1966.041667
1966,2,-0.05,0.125,1966.125
1966,3,-0.04,0.208333333,1966.208333
1966,4,0.02,0.291666667,1966.291667
1966,5,-0.09,0.375,1966.375
1966,6,-0.15,0.458333333,1966.458333
1966,7,-0.11,0.541666667,1966.541667
1966,8,-0.16,0.625,1966.625
1966,9,-0.11,0.708333333,1966.708333
1966,10,-0.05,0.791666667,1966.791667
1966,11,-0.03,0.875,1966.875
1966,12,0.07,0.958333333,1966.958333
1967,1,0.01,0.041666667,1967.041667
1967,2,-0.01,0.125,1967.125
1967,3,-0.06,0.208333333,1967.208333
1967,4,-0.03,0.291666667,1967.291667
1967,5,-0.3,0.375,1967.375
1967,6,-0.36,0.458333333,1967.458333
1967,7,-0.27,0.541666667,1967.541667
1967,8,-0.21,0.625,1967.625
1967,9,-0.21,0.708333333,1967.708333
1967,10,-0.17,0.791666667,1967.791667
1967,11,-0.21,0.875,1967.875
1967,12,-0.14,0.958333333,1967.958333
1968,1,-0.25,0.041666667,1968.041667
1968,2,-0.21,0.125,1968.125
1968,3,-0.28,0.208333333,1968.208333
1968,4,-0.18,0.291666667,1968.291667
1968,5,-0.27,0.375,1968.375
1968,6,-0.39,0.458333333,1968.458333
1968,7,-0.4,0.541666667,1968.541667
1968,8,-0.3,0.625,1968.625
1968,9,-0.21,0.708333333,1968.708333
1968,10,-0.03,0.791666667,1968.791667
1968,11,-0.09,0.875,1968.875
1968,12,-0.11,0.958333333,1968.958333
1969,1,-0.07,0.041666667,1969.041667
1969,2,0.09,0.125,1969.125
1969,3,0.14,0.208333333,1969.208333
1969,4,0.13,0.291666667,1969.291667
1969,5,-0.03,0.375,1969.375
1969,6,-0.11,0.458333333,1969.458333
1969,7,-0.04,0.541666667,1969.541667
1969,8,-0.12,0.625,1969.625
1969,9,-0.1,0.708333333,1969.708333
1969,10,-0.14,0.791666667,1969.791667
1969,11,-0.09,0.875,1969.875
1969,12,0,0.958333333,1969.958333
1970,1,-0.07,0.041666667,1970.041667
1970,2,-0.09,0.125,1970.125
1970,3,-0.02,0.208333333,1970.208333
1970,4,-0.01,0.291666667,1970.291667
1970,5,-0.08,0.375,1970.375
1970,6,-0.2,0.458333333,1970.458333
1970,7,-0.32,0.541666667,1970.541667
1970,8,-0.21,0.625,1970.625
1970,9,-0.18,0.708333333,1970.708333
1970,10,-0.13,0.791666667,1970.791667
1970,11,-0.16,0.875,1970.875
1970,12,-0.15,0.958333333,1970.958333
1971,1,-0.19,0.041666667,1971.041667
1971,2,-0.25,0.125,1971.125
1971,3,-0.32,0.208333333,1971.208333
1971,4,-0.41,0.291666667,1971.291667
1971,5,-0.36,0.375,1971.375
1971,6,-0.38,0.458333333,1971.458333
1971,7,-0.37,0.541666667,1971.541667
1971,8,-0.47,0.625,1971.625
1971,9,-0.35,0.708333333,1971.708333
1971,10,-0.14,0.791666667,1971.791667
1971,11,-0.12,0.875,1971.875
1971,12,-0.25,0.958333333,1971.958333
1972,1,-0.25,0.041666667,1972.041667
1972,2,-0.3,0.125,1972.125
1972,3,-0.39,0.208333333,1972.208333
1972,4,-0.3,0.291666667,1972.291667
1972,5,-0.51,0.375,1972.375
1972,6,-0.5,0.458333333,1972.458333
1972,7,-0.41,0.541666667,1972.541667
1972,8,-0.49,0.625,1972.625
1972,9,-0.38,0.708333333,1972.708333
1972,10,-0.28,0.791666667,1972.791667
1972,11,-0.24,0.875,1972.875
1972,12,-0.26,0.958333333,1972.958333
1973,1,-0.28,0.041666667,1973.041667
1973,2,-0.21,0.125,1973.125
1973,3,-0.16,0.208333333,1973.208333
1973,4,-0.14,0.291666667,1973.291667
1973,5,-0.13,0.375,1973.375
1973,6,-0.07,0.458333333,1973.458333
1973,7,-0.04,0.541666667,1973.541667
1973,8,-0.14,0.625,1973.625
1973,9,-0.09,0.708333333,1973.708333
1973,10,-0.13,0.791666667,1973.791667
1973,11,-0.15,0.875,1973.875
1973,12,-0.16,0.958333333,1973.958333
1974,1,-0.14,0.041666667,1974.041667
1974,2,-0.2,0.125,1974.125
1974,3,-0.36,0.208333333,1974.208333
1974,4,-0.55,0.291666667,1974.291667
1974,5,-0.59,0.375,1974.375
1974,6,-0.56,0.458333333,1974.458333
1974,7,-0.59,0.541666667,1974.541667
1974,8,-0.56,0.625,1974.625
1974,9,-0.57,0.708333333,1974.708333
1974,10,-0.51,0.791666667,1974.791667
1974,11,-0.37,0.875,1974.875
1974,12,-0.28,0.958333333,1974.958333
1975,1,-0.1,0.041666667,1975.041667
1975,2,-0.13,0.125,1975.125
1975,3,-0.18,0.208333333,1975.208333
1975,4,-0.27,0.291666667,1975.291667
1975,5,-0.34,0.375,1975.375
1975,6,-0.26,0.458333333,1975.458333
1975,7,-0.14,0.541666667,1975.541667
1975,8,-0.08,0.625,1975.625
1975,9,-0.25,0.708333333,1975.708333
1975,10,-0.28,0.791666667,1975.791667
1975,11,-0.19,0.875,1975.875
1975,12,-0.22,0.958333333,1975.958333
1976,1,-0.24,0.041666667,1976.041667
1976,2,-0.37,0.125,1976.125
1976,3,-0.38,0.208333333,1976.208333
1976,4,-0.3,0.291666667,1976.291667
1976,5,-0.43,0.375,1976.375
1976,6,-0.42,0.458333333,1976.458333
1976,7,-0.24,0.541666667,1976.541667
1976,8,-0.06,0.625,1976.625
1976,9,-0.18,0.708333333,1976.708333
1976,10,-0.17,0.791666667,1976.791667
1976,11,-0.34,0.875,1976.875
1976,12,-0.36,0.958333333,1976.958333
1977,1,-0.29,0.041666667,1977.041667
1977,2,-0.23,0.125,1977.125
1977,3,-0.06,0.208333333,1977.208333
1977,4,-0.08,0.291666667,1977.291667
1977,5,-0.13,0.375,1977.375
1977,6,-0.05,0.458333333,1977.458333
1977,7,-0.04,0.541666667,1977.541667
1977,8,-0.16,0.625,1977.625
1977,9,-0.17,0.708333333,1977.708333
1977,10,-0.12,0.791666667,1977.791667
1977,11,-0.04,0.875,1977.875
1977,12,-0.1,0.958333333,1977.958333
1978,1,-0.01,0.041666667,1978.041667
1978,2,-0.01,0.125,1978.125
1978,3,-0.04,0.208333333,1978.208333
1978,4,-0.05,0.291666667,1978.291667
1978,5,-0.15,0.375,1978.375
1978,6,-0.19,0.458333333,1978.458333
1978,7,-0.27,0.541666667,1978.541667
1978,8,-0.2,0.625,1978.625
1978,9,-0.12,0.708333333,1978.708333
1978,10,-0.07,0.791666667,1978.791667
1978,11,0.11,0.875,1978.875
1978,12,0.01,0.958333333,1978.958333
1979,1,-0.03,0.041666667,1979.041667
1979,2,-0.05,0.125,1979.125
1979,3,-0.15,0.208333333,1979.208333
1979,4,-0.07,0.291666667,1979.291667
1979,5,0.02,0.375,1979.375
1979,6,0.09,0.458333333,1979.458333
1979,7,-0.02,0.541666667,1979.541667
1979,8,-0.11,0.625,1979.625
1979,9,-0.03,0.708333333,1979.708333
1979,10,0.07,0.791666667,1979.791667
1979,11,0.1,0.875,1979.875
1979,12,0.14,0.958333333,1979.958333
1980,1,0.17,0.041666667,1980.041667
1980,2,0.12,0.125,1980.125
1980,3,0,0.208333333,1980.208333
1980,4,0.2,0.291666667,1980.291667
1980,5,0.32,0.375,1980.375
1980,6,0.16,0.458333333,1980.458333
1980,7,0.06,0.541666667,1980.541667
1980,8,0.01,0.625,1980.625
1980,9,0.03,0.708333333,1980.708333
1980,10,0.06,0.791666667,1980.791667
1980,11,-0.08,0.875,1980.875
1980,12,-0.1,0.958333333,1980.958333
1981,1,0.02,0.041666667,1981.041667
1981,2,0,0.125,1981.125
1981,3,0.18,0.208333333,1981.208333
1981,4,0.08,0.291666667,1981.291667
1981,5,0.11,0.375,1981.375
1981,6,0.11,0.458333333,1981.458333
1981,7,0.02,0.541666667,1981.541667
1981,8,-0.04,0.625,1981.625
1981,9,0.05,0.708333333,1981.708333
1981,10,-0.09,0.791666667,1981.791667
1981,11,0.09,0.875,1981.875
1981,12,0.24,0.958333333,1981.958333
1982,1,0.06,0.041666667,1982.041667
1982,2,0,0.125,1982.125
1982,3,0.09,0.208333333,1982.208333
1982,4,-0.05,0.291666667,1982.291667
1982,5,-0.09,0.375,1982.375
1982,6,-0.15,0.458333333,1982.458333
1982,7,-0.2,0.541666667,1982.541667
1982,8,-0.3,0.625,1982.625
1982,9,-0.22,0.708333333,1982.708333
1982,10,-0.23,0.791666667,1982.791667
1982,11,-0.26,0.875,1982.875
1982,12,-0.17,0.958333333,1982.958333
1983,1,-0.03,0.041666667,1983.041667
1983,2,0.1,0.125,1983.125
1983,3,0.24,0.208333333,1983.208333
1983,4,0.17,0.291666667,1983.291667
1983,5,0.05,0.375,1983.375
1983,6,0.05,0.458333333,1983.458333
1983,7,0.08,0.541666667,1983.541667
1983,8,0.03,0.625,1983.625
1983,9,-0.02,0.708333333,1983.708333
1983,10,0.03,0.791666667,1983.791667
1983,11,0.09,0.875,1983.875
1983,12,0.17,0.958333333,1983.958333
1984,1,0.09,0.041666667,1984.041667
1984,2,0.07,0.125,1984.125
1984,3,-0.04,0.208333333,1984.208333
1984,4,-0.04,0.291666667,1984.291667
1984,5,-0.03,0.375,1984.375
1984,6,-0.32,0.458333333,1984.458333
1984,7,-0.26,0.541666667,1984.541667
1984,8,-0.1,0.625,1984.625
1984,9,-0.1,0.708333333,1984.708333
1984,10,-0.19,0.791666667,1984.791667
1984,11,-0.25,0.875,1984.875
1984,12,-0.16,0.958333333,1984.958333
1985,1,-0.22,0.041666667,1985.041667
1985,2,-0.26,0.125,1985.125
1985,3,-0.24,0.208333333,1985.208333
1985,4,-0.33,0.291666667,1985.291667
1985,5,-0.29,0.375,1985.375
1985,6,-0.07,0.458333333,1985.458333
1985,7,-0.07,0.541666667,1985.541667
1985,8,-0.24,0.625,1985.625
1985,9,-0.19,0.708333333,1985.708333
1985,10,-0.13,0.791666667,1985.791667
1985,11,-0.16,0.875,1985.875
1985,12,-0.18,0.958333333,1985.958333
1986,1,-0.26,0.041666667,1986.041667
1986,2,-0.25,0.125,1986.125
1986,3,-0.29,0.208333333,1986.208333
1986,4,-0.31,0.291666667,1986.291667
1986,5,-0.19,0.375,1986.375
1986,6,-0.21,0.458333333,1986.458333
1986,7,-0.19,0.541666667,1986.541667
1986,8,-0.3,0.625,1986.625
1986,9,-0.28,0.708333333,1986.708333
1986,10,-0.23,0.791666667,1986.791667
1986,11,-0.26,0.875,1986.875
1986,12,-0.22,0.958333333,1986.958333
1987,1,-0.09,0.041666667,1987.041667
1987,2,-0.09,0.125,1987.125
1987,3,0.05,0.208333333,1987.208333
1987,4,0.16,0.291666667,1987.291667
1987,5,0.2,0.375,1987.375
1987,6,0.32,0.458333333,1987.458333
1987,7,0.42,0.541666667,1987.541667
1987,8,0.46,0.625,1987.625
1987,9,0.33,0.708333333,1987.708333
1987,10,0.19,0.791666667,1987.791667
1987,11,0.13,0.875,1987.875
1987,12,0.22,0.958333333,1987.958333
1988,1,0.05,0.041666667,1988.041667
1988,2,-0.01,0.125,1988.125
1988,3,0.07,0.208333333,1988.208333
1988,4,0.17,0.291666667,1988.291667
1988,5,0.23,0.375,1988.375
1988,6,0.29,0.458333333,1988.458333
1988,7,0.26,0.541666667,1988.541667
1988,8,0.09,0.625,1988.625
1988,9,-0.03,0.708333333,1988.708333
1988,10,-0.02,0.791666667,1988.791667
1988,11,0.06,0.875,1988.875
1988,12,-0.01,0.958333333,1988.958333
1989,1,0.01,0.041666667,1989.041667
1989,2,0.1,0.125,1989.125
1989,3,-0.07,0.208333333,1989.208333
1989,4,-0.16,0.291666667,1989.291667
1989,5,-0.01,0.375,1989.375
1989,6,0.26,0.458333333,1989.458333
1989,7,0.4,0.541666667,1989.541667
1989,8,0.3,0.625,1989.625
1989,9,0.09,0.708333333,1989.708333
1989,10,0.03,0.791666667,1989.791667
1989,11,0.04,0.875,1989.875
1989,12,0,0.958333333,1989.958333
1990,1,-0.08,0.041666667,1990.041667
1990,2,0.02,0.125,1990.125
1990,3,0.06,0.208333333,1990.208333
1990,4,0.1,0.291666667,1990.291667
1990,5,0.08,0.375,1990.375
1990,6,0.05,0.458333333,1990.458333
1990,7,0.05,0.541666667,1990.541667
1990,8,0.18,0.625,1990.625
1990,9,0.33,0.708333333,1990.708333
1990,10,0.33,0.791666667,1990.791667
1990,11,0.13,0.875,1990.875
1990,12,0.08,0.958333333,1990.958333
1991,1,0.01,0.041666667,1991.041667
1991,2,0.04,0.125,1991.125
1991,3,0.01,0.208333333,1991.208333
1991,4,-0.05,0.291666667,1991.291667
1991,5,-0.12,0.375,1991.375
1991,6,-0.06,0.458333333,1991.458333
1991,7,-0.09,0.541666667,1991.541667
1991,8,-0.02,0.625,1991.625
1991,9,0.06,0.708333333,1991.708333
1991,10,-0.13,0.791666667,1991.791667
1991,11,-0.14,0.875,1991.875
1991,12,-0.06,0.958333333,1991.958333
1992,1,-0.01,0.041666667,1992.041667
1992,2,0.04,0.125,1992.125
1992,3,0,0.208333333,1992.208333
1992,4,-0.08,0.291666667,1992.291667
1992,5,-0.18,0.375,1992.375
1992,6,-0.1,0.458333333,1992.458333
1992,7,-0.24,0.541666667,1992.541667
1992,8,-0.38,0.625,1992.625
1992,9,-0.33,0.708333333,1992.708333
1992,10,-0.26,0.791666667,1992.791667
1992,11,-0.28,0.875,1992.875
1992,12,-0.1,0.958333333,1992.958333
1993,1,0,0.041666667,1993.041667
1993,2,-0.04,0.125,1993.125
1993,3,-0.16,0.208333333,1993.208333
1993,4,-0.04,0.291666667,1993.291667
1993,5,-0.08,0.375,1993.375
1993,6,-0.19,0.458333333,1993.458333
1993,7,-0.32,0.541666667,1993.541667
1993,8,-0.14,0.625,1993.625
1993,9,-0.09,0.708333333,1993.708333
1993,10,-0.16,0.791666667,1993.791667
1993,11,-0.17,0.875,1993.875
1993,12,-0.15,0.958333333,1993.958333
1994,1,-0.2,0.041666667,1994.041667
1994,2,-0.22,0.125,1994.125
1994,3,-0.17,0.208333333,1994.208333
1994,4,-0.03,0.291666667,1994.291667
1994,5,-0.12,0.375,1994.375
1994,6,-0.13,0.458333333,1994.458333
1994,7,-0.17,0.541666667,1994.541667
1994,8,-0.22,0.625,1994.625
1994,9,-0.18,0.708333333,1994.708333
1994,10,0.04,0.791666667,1994.791667
1994,11,0.18,0.875,1994.875
1994,12,0.13,0.958333333,1994.958333
1995,1,0.19,0.041666667,1995.041667
1995,2,0.17,0.125,1995.125
1995,3,0.2,0.208333333,1995.208333
1995,4,0.27,0.291666667,1995.291667
1995,5,0.4,0.375,1995.375
1995,6,0.45,0.458333333,1995.458333
1995,7,0.45,0.541666667,1995.541667
1995,8,0.39,0.625,1995.625
1995,9,0.19,0.708333333,1995.708333
1995,10,0.28,0.791666667,1995.791667
1995,11,0.27,0.875,1995.875
1995,12,0.19,0.958333333,1995.958333
1996,1,0.13,0.041666667,1996.041667
1996,2,0.06,0.125,1996.125
1996,3,-0.04,0.208333333,1996.208333
1996,4,0.11,0.291666667,1996.291667
1996,5,0,0.375,1996.375
1996,6,-0.03,0.458333333,1996.458333
1996,7,-0.08,0.541666667,1996.541667
1996,8,0.09,0.625,1996.625
1996,9,0.1,0.708333333,1996.708333
1996,10,-0.03,0.791666667,1996.791667
1996,11,-0.04,0.875,1996.875
1996,12,-0.03,0.958333333,1996.958333
1997,1,0.13,0.041666667,1997.041667
1997,2,0.2,0.125,1997.125
1997,3,0.18,0.208333333,1997.208333
1997,4,0.12,0.291666667,1997.291667
1997,5,0.13,0.375,1997.375
1997,6,0.05,0.458333333,1997.458333
1997,7,0.18,0.541666667,1997.541667
1997,8,0.13,0.625,1997.625
1997,9,0.23,0.708333333,1997.708333
1997,10,0.36,0.791666667,1997.791667
1997,11,0.23,0.875,1997.875
1997,12,0.24,0.958333333,1997.958333
1998,1,0.3,0.041666667,1998.041667
1998,2,0.38,0.125,1998.125
1998,3,0.37,0.208333333,1998.208333
1998,4,0.36,0.291666667,1998.291667
1998,5,0.43,0.375,1998.375
1998,6,0.65,0.458333333,1998.458333
1998,7,0.57,0.541666667,1998.541667
1998,8,0.7,0.625,1998.625
1998,9,0.45,0.708333333,1998.708333
1998,10,0.48,0.791666667,1998.791667
1998,11,0.49,0.875,1998.875
1998,12,0.47,0.958333333,1998.958333
1999,1,0.23,0.041666667,1999.041667
1999,2,0.18,0.125,1999.125
1999,3,0.18,0.208333333,1999.208333
1999,4,0.29,0.291666667,1999.291667
1999,5,0.45,0.375,1999.375
1999,6,0.41,0.458333333,1999.458333
1999,7,0.37,0.541666667,1999.541667
1999,8,0.52,0.625,1999.625
1999,9,0.45,0.708333333,1999.708333
1999,10,0.25,0.791666667,1999.791667
1999,11,0.12,0.875,1999.875
1999,12,0.25,0.958333333,1999.958333
2000,1,0.11,0.041666667,2000.041667
2000,2,0.17,0.125,2000.125
2000,3,0.36,0.208333333,2000.208333
2000,4,0.25,0.291666667,2000.291667
2000,5,0.32,0.375,2000.375
2000,6,0.14,0.458333333,2000.458333
2000,7,0.2,0.541666667,2000.541667
2000,8,0.22,0.625,2000.625
2000,9,0.25,0.708333333,2000.708333
2000,10,0.2,0.791666667,2000.791667
2000,11,0.23,0.875,2000.875
2000,12,0.07,0.958333333,2000.958333
2001,1,0.08,0.041666667,2001.041667
2001,2,0.23,0.125,2001.125
2001,3,0.25,0.208333333,2001.208333
2001,4,0.15,0.291666667,2001.291667
2001,5,0.16,0.375,2001.375
2001,6,0.32,0.458333333,2001.458333
2001,7,0.3,0.541666667,2001.541667
2001,8,0.45,0.625,2001.625
2001,9,0.52,0.708333333,2001.708333
2001,10,0.47,0.791666667,2001.791667
2001,11,0.4,0.875,2001.875
2001,12,0.51,0.958333333,2001.958333
2002,1,0.58,0.041666667,2002.041667
2002,2,0.44,0.125,2002.125
2002,3,0.43,0.208333333,2002.208333
2002,4,0.3,0.291666667,2002.291667
2002,5,0.09,0.375,2002.375
2002,6,0.01,0.458333333,2002.458333
2002,7,-0.02,0.541666667,2002.541667
2002,8,0.22,0.625,2002.625
2002,9,0.26,0.708333333,2002.708333
2002,10,0.35,0.791666667,2002.791667
2002,11,0.31,0.875,2002.875
2002,12,0.21,0.958333333,2002.958333
2003,1,0.25,0.041666667,2003.041667
2003,2,0.19,0.125,2003.125
2003,3,0.31,0.208333333,2003.208333
2003,4,0.22,0.291666667,2003.291667
2003,5,0.27,0.375,2003.375
2003,6,0.26,0.458333333,2003.458333
2003,7,0.42,0.541666667,2003.541667
2003,8,0.62,0.625,2003.625
2003,9,0.66,0.708333333,2003.708333
2003,10,0.79,0.791666667,2003.791667
2003,11,0.51,0.875,2003.875
2003,12,0.53,0.958333333,2003.958333
2004,1,0.51,0.041666667,2004.041667
2004,2,0.46,0.125,2004.125
2004,3,0.39,0.208333333,2004.208333
2004,4,0.36,0.291666667,2004.291667
2004,5,0.17,0.375,2004.375
2004,6,0.3,0.458333333,2004.458333
2004,7,0.37,0.541666667,2004.541667
2004,8,0.46,0.625,2004.625
2004,9,0.44,0.708333333,2004.708333
2004,10,0.56,0.791666667,2004.791667
2004,11,0.52,0.875,2004.875
2004,12,0.51,0.958333333,2004.958333
2005,1,0.48,0.041666667,2005.041667
2005,2,0.31,0.125,2005.125
2005,3,0.47,0.208333333,2005.208333
2005,4,0.61,0.291666667,2005.291667
2005,5,0.54,0.375,2005.375
2005,6,0.59,0.458333333,2005.458333
2005,7,0.74,0.541666667,2005.541667
2005,8,0.74,0.625,2005.625
2005,9,0.73,0.708333333,2005.708333
2005,10,0.63,0.791666667,2005.791667
2005,11,0.52,0.875,2005.875
2005,12,0.51,0.958333333,2005.958333
2006,1,0.48,0.041666667,2006.041667
2006,2,0.35,0.125,2006.125
2006,3,0.27,0.208333333,2006.208333
2006,4,0.46,0.291666667,2006.291667
2006,5,0.52,0.375,2006.375
2006,6,0.59,0.458333333,2006.458333
2006,7,0.63,0.541666667,2006.541667
2006,8,0.69,0.625,2006.625
2006,9,0.63,0.708333333,2006.708333
2006,10,0.67,0.791666667,2006.791667
2006,11,0.66,0.875,2006.875
2006,12,0.5,0.958333333,2006.958333
2007,1,0.6,0.041666667,2007.041667
2007,2,0.52,0.125,2007.125
2007,3,0.42,0.208333333,2007.208333
2007,4,0.39,0.291666667,2007.291667
2007,5,0.35,0.375,2007.375
2007,6,0.28,0.458333333,2007.458333
2007,7,0.26,0.541666667,2007.541667
2007,8,0.19,0.625,2007.625
2007,9,0.39,0.708333333,2007.708333
2007,10,0.56,0.791666667,2007.791667
2007,11,0.54,0.875,2007.875
2007,12,0.45,0.958333333,2007.958333
2008,1,0.43,0.041666667,2008.041667
2008,2,0.52,0.125,2008.125
2008,3,0.49,0.208333333,2008.208333
2008,4,0.3,0.291666667,2008.291667
2008,5,0.44,0.375,2008.375
2008,6,0.59,0.458333333,2008.458333
2008,7,0.51,0.541666667,2008.541667
2008,8,0.49,0.625,2008.625
2008,9,0.48,0.708333333,2008.708333
2008,10,0.5,0.791666667,2008.791667
2008,11,0.4,0.875,2008.875
2008,12,0.33,0.958333333,2008.958333
2009,1,0.24,0.041666667,2009.041667
2009,2,0,0.125,2009.125
2009,3,0.03,0.208333333,2009.208333
2009,4,0.09,0.291666667,2009.291667
2009,5,0.11,0.375,2009.375
2009,6,0.36,0.458333333,2009.458333
2009,7,0.46,0.541666667,2009.541667
2009,8,0.4,0.625,2009.625
2009,9,0.36,0.708333333,2009.708333
2009,10,0.56,0.791666667,2009.791667
2009,11,0.46,0.875,2009.875
2009,12,0.49,0.958333333,2009.958333
2010,1,0.39,0.041666667,2010.041667
2010,2,0.43,0.125,2010.125
2010,3,0.52,0.208333333,2010.208333
2010,4,0.7,0.291666667,2010.291667
2010,5,0.75,0.375,2010.375
2010,6,0.88,0.458333333,2010.458333
2010,7,0.83,0.541666667,2010.541667
2010,8,0.91,0.625,2010.625
2010,9,0.67,0.708333333,2010.708333
2010,10,0.6,0.791666667,2010.791667
2010,11,0.63,0.875,2010.875
2010,12,0.43,0.958333333,2010.958333
2011,1,0.42,0.041666667,2011.041667
2011,2,0.36,0.125,2011.125
2011,3,0.3,0.208333333,2011.208333
2011,4,0.4,0.291666667,2011.291667
2011,5,0.41,0.375,2011.375
2011,6,0.5,0.458333333,2011.458333
2011,7,0.38,0.541666667,2011.541667
2011,8,0.44,0.625,2011.625
2011,9,0.43,0.708333333,2011.708333
2011,10,0.49,0.791666667,2011.791667
2011,11,0.33,0.875,2011.875
2011,12,0.33,0.958333333,2011.958333
2012,1,0.38,0.041666667,2012.041667
2012,2,0.34,0.125,2012.125
2012,3,0.37,0.208333333,2012.208333
2012,4,0.41,0.291666667,2012.291667
2012,5,0.47,0.375,2012.375
2012,6,0.58,0.458333333,2012.458333
2012,7,0.64,0.541666667,2012.541667
2012,8,0.74,0.625,2012.625
2012,9,0.81,0.708333333,2012.708333
2012,10,0.76,0.791666667,2012.791667
2012,11,0.56,0.875,2012.875
2012,12,0.55,0.958333333,2012.958333
2013,1,0.54,0.041666667,2013.041667
2013,2,0.44,0.125,2013.125
2013,3,0.44,0.208333333,2013.208333
2013,4,0.37,0.291666667,2013.291667
2013,5,0.37,0.375,2013.375
2013,6,0.33,0.458333333,2013.458333
2013,7,0.53,0.541666667,2013.541667
2013,8,0.5,0.625,2013.625
2013,9,0.61,0.708333333,2013.708333
2013,10,0.78,0.791666667,2013.791667
2013,11,0.57,0.875,2013.875
2013,12,0.4,0.958333333,2013.958333
2014,1,0.33,0.041666667,2014.041667
2014,2,0.27,0.125,2014.125
2014,3,0.2,0.208333333,2014.208333
2014,4,0.2,0.291666667,2014.291667
2014,5,0.2,0.375,2014.375
2014,6,0.29,0.458333333,2014.458333
2014,7,0.48,0.541666667,2014.541667
2014,8,0.59,0.625,2014.625
2014,9,0.6,0.708333333,2014.708333
2014,10,0.72,0.791666667,2014.791667
2014,11,0.5,0.875,2014.875
2014,12,0.49,0.958333333,2014.958333
2015,1,0.41,0.041666667,2015.041667
2015,2,0.31,0.125,2015.125
2015,3,0.26,0.208333333,2015.208333
2015,4,0.29,0.291666667,2015.291667
2015,5,0.41,0.375,2015.375
2015,6,0.4,0.458333333,2015.458333
2015,7,0.39,0.541666667,2015.541667
2015,8,0.48,0.625,2015.625
2015,9,0.71,0.708333333,2015.708333
2015,10,0.72,0.791666667,2015.791667
2015,11,0.63,0.875,2015.875
2015,12,0.6,0.958333333,2015.958333
2016,1,0.72,0.041666667,2016.041667
2016,2,0.64,0.125,2016.125
2016,3,0.61,0.208333333,2016.208333
2016,4,0.53,0.291666667,2016.291667
2016,5,0.63,0.375,2016.375
2016,6,0.65,0.458333333,2016.458333
2016,7,0.68,0.541666667,2016.541667
2016,8,0.78,0.625,2016.625
2016,9,0.78,0.708333333,2016.708333
2016,10,0.77,0.791666667,2016.791667
2016,11,0.76,0.875,2016.875
2016,12,0.72,0.958333333,2016.958333
2017,1,0.74,0.041666667,2017.041667
2017,2,0.69,0.125,2017.125
2017,3,0.57,0.208333333,2017.208333
2017,4,0.69,0.291666667,2017.291667
2017,5,0.62,0.375,2017.375
2017,6,0.67,0.458333333,2017.458333
2017,7,0.75,0.541666667,2017.541667
2017,8,0.75,0.625,2017.625
2017,9,0.77,0.708333333,2017.708333
2017,10,0.88,0.791666667,2017.791667
2017,11,0.91,0.875,2017.875
2017,12,0.88,0.958333333,2017.958333
2018,1,0.68,0.041666667,2018.041667
2018,2,0.49,0.125,2018.125
2018,3,0.41,0.208333333,2018.208333
2018,4,0.37,0.291666667,2018.291667
2018,5,0.33,0.375,2018.375
2018,6,0.25,0.458333333,2018.458333
2018,7,0.39,0.541666667,2018.541667
2018,8,0.54,0.625,2018.625
2018,9,0.61,0.708333333,2018.708333
2018,10,0.55,0.791666667,2018.791667
2018,11,0.38,0.875,2018.875
2018,12,0.37,0.958333333,2018.958333
2019,1,0.46,0.041666667,2019.041667
2019,2,0.5,0.125,2019.125
2019,3,0.46,0.208333333,2019.208333
2019,4,0.4,0.291666667,2019.291667
2019,5,0.37,0.375,2019.375
2019,6,0.58,0.458333333,2019.458333
2019,7,0.65,0.541666667,2019.541667
2019,8,0.74,0.625,2019.625
2019,9,0.69,0.708333333,2019.708333
2019,10,0.66,0.791666667,2019.791667
2019,11,0.63,0.875,2019.875
2019,12,0.59,0.958333333,2019.958333
2020,1,0.72,0.041666667,2020.041667
2020,2,0.85,0.125,2020.125
2020,3,0.83,0.208333333,2020.208333
2020,4,0.86,0.291666667,2020.291667
2020,5,0.65,0.375,2020.375
2020,6,0.71,0.458333333,2020.458333
2020,7,0.83,0.541666667,2020.541667
2020,8,0.87,0.625,2020.625
2020,9,0.71,0.708333333,2020.708333
2020,10,0.74,0.791666667,2020.791667
2020,11,0.66,0.875,2020.875
2020,12,0.63,0.958333333,2020.958333
2021,1,0.63,0.041666667,2021.041667
2021,2,0.58,0.125,2021.125
2021,3,0.48,0.208333333,2021.208333
2021,4,0.61,0.291666667,2021.291667
2021,5,0.58,0.375,2021.375
2021,6,0.58,0.458333333,2021.458333
2021,7,0.63,0.541666667,2021.541667
2021,8,0.69,0.625,2021.625
2021,9,0.83,0.708333333,2021.708333
2021,10,0.96,0.791666667,2021.791667
2021,11,0.92,0.875,2021.875
2021,12,0.82,0.958333333,2021.958333
2022,1,0.84,0.041666667,2022.041667
2022,2,0.79,0.125,2022.125
2022,3,0.54,0.208333333,2022.208333
2022,4,0.46,0.291666667,2022.291667
2022,5,0.64,0.375,2022.375
2022,6,0.58,0.458333333,2022.458333
2022,7,0.54,0.541666667,2022.541667
2022,8,0.88,0.625,2022.625
2022,9,0.98,0.708333333,2022.708333
2022,10,0.93,0.791666667,2022.791667
2022,11,0.83,0.875,2022.875
2022,12,0.7,0.958333333,2022.958333
2023,1,0.76,0.041666667,2023.041667
2023,2,0.74,0.125,2023.125
2023,3,0.87,0.208333333,2023.208333
2023,4,0.94,0.291666667,2023.291667
2023,5,1.07,0.375,2023.375
2023,6,1.25,0.458333333,2023.458333
